{
  "variants": {
    "facing=north,lit=false": {
      "model": "beyond_earth:block/fuel_refinery"
    },
    "facing=east,lit=false": {
      "model": "beyond_earth:block/fuel_refinery",
      "y": 90
    },
    "facing=south,lit=false": {
      "model": "beyond_earth:block/fuel_refinery",
      "y": 180
    },
    "facing=west,lit=false": {
      "model": "beyond_earth:block/fuel_refinery",
      "y": 270
    },
    "facing=north,lit=true": {
      "model": "beyond_earth:block/fuel_refinery_ac"
    },
    "facing=east,lit=true": {
      "model": "beyond_earth:block/fuel_refinery_ac",
      "y": 90
    },
    "facing=south,lit=true": {
      "model": "beyond_earth:block/fuel_refinery_ac",
      "y": 180
    },
    "facing=west,lit=true": {
      "model": "beyond_earth:block/fuel_refinery_ac",
      "y": 270
    }
  }
}