{
  "variants": {
    "facing=north,lit=false": {
      "model": "beyond_earth:block/oxygen_loader"
    },
    "facing=east,lit=false": {
      "model": "beyond_earth:block/oxygen_loader",
      "y": 90
    },
    "facing=south,lit=false": {
      "model": "beyond_earth:block/oxygen_loader",
      "y": 180
    },
    "facing=west,lit=false": {
      "model": "beyond_earth:block/oxygen_loader",
      "y": 270
    },
    "facing=north,lit=true": {
      "model": "beyond_earth:block/oxygen_loader_ac"
    },
    "facing=east,lit=true": {
      "model": "beyond_earth:block/oxygen_loader_ac",
      "y": 90
    },
    "facing=south,lit=true": {
      "model": "beyond_earth:block/oxygen_loader_ac",
      "y": 180
    },
    "facing=west,lit=true": {
      "model": "beyond_earth:block/oxygen_loader_ac",
      "y": 270
    }
  }
}