{
  "variants": {
    "facing=north,lit=false": {
      "model": "beyond_earth:block/oxygen_bubble_distributor"
    },
    "facing=east,lit=false": {
      "model": "beyond_earth:block/oxygen_bubble_distributor",
      "y": 90
    },
    "facing=south,lit=false": {
      "model": "beyond_earth:block/oxygen_bubble_distributor",
      "y": 180
    },
    "facing=west,lit=false": {
      "model": "beyond_earth:block/oxygen_bubble_distributor",
      "y": 270
    },
    "facing=north,lit=true": {
      "model": "beyond_earth:block/oxygen_bubble_distributor_ac"
    },
    "facing=east,lit=true": {
      "model": "beyond_earth:block/oxygen_bubble_distributor_ac",
      "y": 90
    },
    "facing=south,lit=true": {
      "model": "beyond_earth:block/oxygen_bubble_distributor_ac",
      "y": 180
    },
    "facing=west,lit=true": {
      "model": "beyond_earth:block/oxygen_bubble_distributor_ac",
      "y": 270
    }
  }
}